,dataset,session_id,subject,task,overall_total_duration,overall_mean_duration,overall_var,overall_mse,overall_r2,in_trial_total_duration,in_trial_mean_duration,in_trial_var,in_trial_mse,in_trial_r2,ex_trial_total_duration,ex_trial_mean_duration,ex_trial_var,ex_trial_mse,ex_trial_r2,valid_trial_total_duration,valid_trial_mean_duration,valid_trial_var,valid_trial_mse,valid_trial_r2,ex_valid_trial_total_duration,ex_valid_trial_mean_duration,ex_valid_trial_var,ex_valid_trial_mse,ex_valid_trial_r2,hold_period_total_duration,hold_period_mean_duration,hold_period_var,hold_period_mse,hold_period_r2,invalid_total_duration,invalid_mean_duration,invalid_var,invalid_mse,invalid_r2,random_period_total_duration,random_period_mean_duration,random_period_var,random_period_mse,random_period_r2,reach_period_total_duration,reach_period_mean_duration,reach_period_var,reach_period_mse,reach_period_r2,return_period_total_duration,return_period_mean_duration,return_period_var,return_period_mse,return_period_r2
0,perich_miller_population_2018,c_20131003_center_out_reaching,c,center_out_reaching,417.5873333333334,17.399472222222226,99.49044,556.6197,-4.657029,409.8110666666667,3.50265868945869,88.71269,577.4335,-5.5827327,7.7762666666666735,3.8881333333333368,50.774662,545.3475,-12.294924,359.2811000000001,3.2961568807339456,48.878193,530.6029,-10.697504,50.52996666666664,6.31624583333333,217.46312,677.3546,-2.1938152,27.007233333333062,0.24777278287461524,,,,0.0,,,,,5.836266666666673,1.9454222222222244,18.49716,343.43213,-18.931366,113.00483333333347,1.0367415902140684,57.217957,562.7416,-8.865089,214.59900000000016,2.005598130841123,15.725034,856.1374,-47.99758
1,perich_miller_population_2018,c_20131009_random_target_reaching,c,random_target_reaching,1010.8800000000002,30.63272727272728,145.24423,902.6951,-9.001055,819.5290000000001,5.253391025641027,144.65147,488.43857,-2.5301752,191.35100000000014,1.0178244680851072,53.984653,682.66833,-11.640266,312.4299999999997,3.1880612244897932,85.79882,1204.5486,-13.549736,507.09900000000033,8.743086206896557,177.7528,805.1271,-5.965587,12.85496666666678,0.10122020997375417,,,,,,,,,638.8560333333331,3.7142792635658903,54.469933,883.83636,-15.365648,,,,,,,,,,
2,perich_miller_population_2018,c_20131010_random_target_reaching,c,random_target_reaching,701.728,18.466526315789473,91.87831,685.5915,-6.3811007,500.1799999999996,3.1858598726114624,126.18021,698.87384,-4.513679,201.54800000000031,1.038907216494847,60.263012,1036.1396,-17.448875,349.1989999999997,3.0902566371681393,93.28587,814.464,-7.903797,150.98099999999988,3.431386363636361,127.18203,780.4381,-5.195154,12.956233333333223,0.10122057291666581,,,,,,,,,631.7007666666666,3.6941565302144244,51.651844,704.6595,-13.232233,,,,,,,,,,
3,perich_miller_population_2018,c_20131011_random_target_reaching,c,random_target_reaching,1016.3870000000002,44.19073913043479,282.16153,384.49524,-0.49488026,753.4909999999999,4.924777777777777,1401.0217,1595.058,-0.16132212,262.8960000000003,1.4937272727272743,752.0067,1297.6202,-0.6875247,354.27799999999996,3.1631964285714282,85.70296,720.84845,-7.5067544,399.2129999999999,9.736902439024387,827.90765,1000.13715,-0.23895466,12.453666666666711,0.1012493224932253,,,,,,,,,646.9733333333334,4.043583333333333,46.43844,881.4577,-18.15923,,,,,,,,,,
4,perich_miller_population_2018,c_20131022_center_out_reaching,c,center_out_reaching,390.87723333333315,27.91980238095237,35.338364,437.54877,-11.588607,356.4994333333332,3.395232698412697,36.743385,481.51926,-12.244602,34.37779999999991,17.188899999999954,6.514661,814.3583,-125.2151,356.4994333333332,3.395232698412697,36.743385,481.51926,-12.244602,0.0,,,,,31.62380000000011,0.3011790476190487,,,,0.0,,,,,34.37779999999991,17.188899999999954,6.514661,814.3583,-125.2151,101.39043333333353,0.9565135220125806,56.86756,397.8891,-6.271892,223.24519999999956,2.1261447619047575,26.140684,956.0901,-35.93213
5,perich_miller_population_2018,c_20131023_center_out_reaching,c,center_out_reaching,455.4518,22.77259,37.509598,872.7001,-22.237238,448.7988,3.275903649635037,43.523743,620.5662,-13.270311,6.652999999999973,3.3264999999999865,14.449644,754.08746,-62.94616,445.3088,3.274329411764706,3.5781696,702.02423,-219.80634,3.490000000000009,3.490000000000009,62.51771,769.6932,-14.485332,40.89659999999985,0.30071029411764594,,,,0.0,,,,,6.652999999999973,3.3264999999999865,14.449644,754.08746,-62.94616,124.07403333333342,0.9190669135802475,53.85116,1084.3375,-18.925716,280.33816666666667,2.076579012345679,20.761375,1026.5393,-48.74583
6,perich_miller_population_2018,c_20131028_random_target_reaching,c,random_target_reaching,650.9109999999998,18.080861111111105,186.43095,699.42566,-3.0538094,459.7590000000001,3.283992857142858,147.55464,1462.166,-9.524251,191.1519999999997,1.092297142857141,92.71103,826.0032,-10.3513775,318.4680000000004,3.1531485148514893,121.62552,551.2298,-3.4395704,141.29099999999968,3.6228461538461456,154.64394,684.9605,-3.6845374,12.251933333333376,0.10125564738292046,,,,,,,,,579.5440666666665,3.5996525879917174,52.439163,586.87286,-9.935566,,,,,,,,,,
7,perich_miller_population_2018,c_20131029_random_target_reaching,c,random_target_reaching,687.4149999999996,14.62585106382978,109.44882,1119.1573,-9.786501,484.6239999999999,3.2744864864864858,123.67607,1029.8163,-8.893155,202.79099999999968,1.0399538461538445,34.304237,897.8838,-24.596258,320.52900000000005,3.173554455445545,91.55259,1136.0647,-11.625311,164.09499999999989,3.4913829787234016,345.32294,973.6125,-2.60283,11.337633333333697,0.1012288690476223,,,,,,,,,587.5963666666659,3.518541117764466,39.82667,1094.0552,-28.426355,,,,,,,,,,
8,perich_miller_population_2018,c_20131031_center_out_reaching,c,center_out_reaching,856.6332666666666,50.39019215686274,384.53104,622.7032,-0.61633366,847.2223999999999,5.648149333333333,266.64966,498.65543,-0.88848543,9.410866666666672,4.705433333333336,16.23906,665.9043,-88.45399,444.96039999999994,3.271767647058823,9.969696,482.40195,-71.44211,402.26199999999994,28.732999999999997,345.07455,742.77747,-1.1611466,40.98079999999979,0.30132941176470435,,,,0.0,,,,,9.410866666666672,4.705433333333336,16.23906,665.9043,-88.45399,122.12619999999984,0.8979867647058812,56.78197,391.57394,-6.8265643,279.9954000000003,2.0740400000000023,19.773293,317.14417,-14.8704815
9,perich_miller_population_2018,c_20131101_center_out_reaching,c,center_out_reaching,541.9048666666666,28.521308771929824,41.274242,633.01996,-14.331825,538.9773666666666,3.227409381237525,38.061127,614.20337,-15.13395,2.9275,2.9275,40.279953,448.4565,-10.131697,538.9773666666666,3.227409381237525,38.061127,614.20337,-15.13395,0.0,,,,,50.27999999999987,0.30107784431137646,,,,0.0,,,,,2.9275,2.9275,40.279953,448.4565,-10.131697,148.26936666666663,0.8878405189620756,58.334774,669.363,-11.201258,340.4280000000001,2.0384910179640725,23.151909,679.1052,-28.503242
10,perich_miller_population_2018,c_20131203_center_out_reaching,c,center_out_reaching,1081.5397333333337,49.160896969696985,229.08528,408.0255,-0.7881292,1029.036066666667,7.855237150127229,812.6741,814.4114,-0.023187786,52.503666666666575,26.251833333333288,238.80925,417.20764,-0.7769242,353.694766666667,3.244906116207954,34.99272,504.6338,-13.358284,675.3413,30.69733181818182,476.16412,564.46765,-0.20465803,0.10826666666660989,0.0010024691358019434,,,,0.0,,,,,3.364666666666676,1.682333333333338,41.379047,263.64194,-5.5301414,132.48523333333316,1.2154608562691116,76.755455,523.02704,-5.8335896,219.4465666666673,2.0319126543209935,24.912777,842.19037,-37.203262
11,perich_miller_population_2018,c_20131204_center_out_reaching,c,center_out_reaching,357.41599999999994,19.856444444444442,61.742214,539.0299,-7.739611,353.09299999999996,3.152616071428571,53.986725,512.7192,-8.419365,4.3230000000000075,2.1615000000000038,90.949615,747.5765,-9.615544,333.5736333333332,3.1469210691823886,38.824432,535.7293,-12.95773,19.519366666666727,3.253227777777788,174.962,674.583,-4.3328834,0.10530000000013828,0.0010028571428584599,,,,0.0,,,,,1.5570000000000073,0.7785000000000036,19.801142,293.87347,-23.834528,120.64593333333345,1.1490088888888899,88.93086,527.5089,-4.928486,209.78239999999968,1.979079245283016,22.436914,738.5748,-35.618034
12,perich_miller_population_2018,c_20131209_random_target_reaching,c,random_target_reaching,840.8260000000002,21.020650000000007,75.76717,636.3622,-7.386078,625.3399999999992,3.744550898203588,170.78307,807.4348,-3.643081,215.48600000000093,1.046048543689325,35.114048,745.22986,-20.122719,343.8279999999997,3.243660377358488,97.782326,905.46655,-8.204815,281.5119999999996,4.614950819672124,118.13062,481.9612,-3.1650338,13.46719999999996,0.10125714285714255,,,,,,,,,720.9058,3.917966304347826,53.55739,747.2908,-13.046499,,,,,,,,,,
13,perich_miller_population_2018,c_20131210_random_target_reaching,c,random_target_reaching,708.2270000000001,15.068659574468088,37.171402,560.95465,-14.179613,491.2960000000003,3.1094683544303816,52.24632,442.6643,-7.4517007,216.9309999999998,1.0633872549019598,15.357528,502.56232,-34.918274,368.6489999999999,3.2337631578947357,76.867165,729.1774,-8.569515,122.64700000000045,2.7874318181818283,69.547134,583.382,-7.3815026,13.769600000000157,0.10124705882353056,,,,,,,,,690.4674,3.732256216216216,12.476859,1031.0289,-78.61148,,,,,,,,,,
14,perich_miller_population_2018,c_20131212_random_target_reaching,c,random_target_reaching,694.9399999999994,11.7786440677966,50.74377,645.2069,-11.621891,490.03099999999984,3.475397163120566,105.81007,809.6927,-6.689211,204.9089999999996,1.0296934673366813,20.482517,758.62115,-37.937023,352.0609999999998,3.3213301886792435,96.75509,949.7537,-8.755461,137.96999999999997,3.9419999999999993,73.85645,1089.1968,-13.671083,12.150666666666469,0.1012555555555539,,,,,,,,,651.2483333333327,3.501335125448025,39.821583,697.63074,-16.649773,,,,,,,,,,
15,perich_miller_population_2018,c_20131213_random_target_reaching,c,random_target_reaching,766.9439999999992,15.651918367346921,60.58798,725.8053,-10.958246,562.3880000000006,3.7244238410596067,59.42724,763.66785,-11.931276,204.55599999999856,1.0279195979899425,94.8854,864.4286,-7.9928026,369.42400000000026,3.4851320754717006,67.16865,1018.884,-15.110601,192.9640000000003,4.288088888888896,53.35029,617.9923,-10.577326,13.15726666666702,0.10120974358974631,,,,,,,,,738.6327333333325,4.014308333333329,35.598637,768.8066,-21.638681,,,,,,,,,,
16,perich_miller_population_2018,c_20131217_random_target_reaching,c,random_target_reaching,883.4880000000002,22.087200000000003,37.63254,1009.648,-26.064217,679.3979999999999,4.272943396226415,77.19737,1194.6915,-14.3986435,204.09000000000032,1.0307575757575773,17.435352,892.893,-68.94182,405.9089999999999,3.5921150442477865,72.81918,1442.6556,-19.193079,273.4889999999999,5.9454130434782595,52.24889,1312.1908,-24.796448,13.657033333333203,0.10116320987654225,,,,,,,,,760.950966666667,4.113248468468471,29.139095,715.9448,-27.434587,,,,,,,,,,
17,perich_miller_population_2018,c_20131218_random_target_reaching,c,random_target_reaching,672.6880000000002,14.948622222222227,39.60328,475.93185,-11.384439,468.6719999999999,3.254666666666666,98.58248,869.1273,-7.892477,204.01600000000025,1.0794497354497368,15.160056,575.98975,-42.496613,341.78599999999983,3.1646851851851836,85.40818,912.05084,-10.073931,126.88600000000008,3.5246111111111134,78.303474,789.8841,-9.202932,12.051966666666429,0.10127703081232294,,,,,,,,,648.0160333333338,3.8803355289421186,41.36131,505.34128,-11.538425,,,,,,,,,,
18,perich_miller_population_2018,c_20131219_center_out_reaching,c,center_out_reaching,417.4154333333332,20.870771666666663,44.417458,489.88696,-10.715224,406.7669333333332,3.3341551912568295,40.85983,427.89343,-10.152614,10.648500000000064,5.324250000000032,26.97121,535.6315,-20.319073,401.8541999999999,3.32110909090909,38.065727,422.06064,-10.705288,4.912733333333335,4.912733333333335,156.72456,506.04715,-2.474183,0.12136666666655138,0.0010030303030293503,,,,0.0,,,,,10.648500000000064,5.324250000000032,26.97121,535.6315,-20.319073,140.8517333333333,1.1640639118457297,90.167046,486.55313,-4.5491114,260.88110000000006,2.156042148760331,20.780317,448.69507,-22.583157
19,perich_miller_population_2018,c_20131220_center_out_reaching,c,center_out_reaching,465.3929666666667,21.15422575757576,48.509537,529.6351,-9.830218,461.12746666666675,3.3415033816425126,28.209846,619.15625,-46.913452,4.2655,4.2655,30.402056,618.6422,-19.863579,429.8814333333334,3.160892892156863,42.220196,526.2046,-11.6635895,31.246033333333344,15.623016666666672,61.27766,623.98785,-9.381275,0.13626666666662768,0.0010019607843134387,,,,0.0,,,,,4.2655,4.2655,30.402056,618.6422,-19.863579,157.33770000000038,1.1568948529411793,94.095505,665.51685,-6.9169292,272.4074666666664,2.0029960784313703,25.636873,501.71317,-18.835009
20,perich_miller_population_2018,c_20150309_center_out_reaching,c,center_out_reaching,2576.718066666664,22.802814749262513,316.7389,854.05853,-1.6868758,2569.3210666666646,5.222197289972896,331.98337,765.9985,-1.2880996,7.396999999999756,3.698499999999878,148.7531,812.02484,-5.241747,1338.4356999999986,3.1418678403755838,48.65851,597.5318,-12.29863,1230.885366666666,18.649778282828272,339.97247,1016.885,-1.9602711,0.4169666666637388,0.00100232371794168,,,,0.0,,,,,6.1939999999997815,3.0969999999998907,33.913486,654.74805,-19.13707,484.5654000000002,1.1401538823529416,92.08958,615.2655,-5.668119,829.0394666666682,1.9786144789180626,29.660954,678.3382,-21.80508
21,perich_miller_population_2018,c_20150311_center_out_reaching,c,center_out_reaching,2399.810466666667,24.487861904761907,247.18445,520.38715,-1.0991802,2389.562,3.458121562952243,217.82576,581.71436,-1.6616249,10.248466666666776,5.124233333333388,41.401512,670.9765,-23.005894,1985.4197,3.0925540498442365,63.648247,1225.8329,-23.846373,404.14230000000043,8.247802040816335,279.26086,1005.452,-2.5038176,2.362933333330437,0.0037153039832239576,31.111942,550.40796,-73.88118,0.0,,,,,6.608466666666448,3.304233333333224,38.425236,448.51807,-13.885569,734.8248000000016,1.144586915887853,94.58067,865.10956,-8.379563,1240.615666666668,1.9445386624869403,30.72751,772.6218,-25.04469
22,perich_miller_population_2018,c_20150312_center_out_reaching,c,center_out_reaching,2420.687433333333,23.05416603174603,296.24326,531.38574,-0.85464317,2367.5298999999995,3.362968607954545,407.82645,679.04016,-0.6898023,53.157533333333205,26.578766666666603,40.00705,756.28595,-18.235374,2043.4594999999995,3.049939552238805,49.110493,769.17163,-16.124043,324.07040000000006,9.531482352941179,493.13303,1541.0747,-2.2096252,0.6689333333380896,0.0010028985507317685,,,,0.0,,,,,15.527533333333096,5.175844444444365,11.035841,559.1899,-54.269394,757.9212999999959,1.1312258208955162,98.18049,812.37146,-7.4561806,1279.810333333332,1.9130199302441435,27.043934,673.92285,-26.073471
23,perich_miller_population_2018,c_20150313_center_out_reaching,c,center_out_reaching,2546.281733333335,26.523768055555575,249.0787,397.60953,-0.69601834,2507.9621000000016,3.142809649122809,407.58093,895.4713,-1.2205746,38.319633333333655,19.159816666666828,74.820076,1713.3905,-24.138504,2307.919733333335,3.0367364912280723,48.550793,769.5703,-15.331999,200.04236666666657,5.264272807017541,322.57642,1207.2069,-2.884685,1.9619000000042108,0.0025882585752034443,38.03757,775.1403,-18.421772,0.0,,,,,4.98663333333357,2.493316666666785,31.742592,1110.7506,-36.066277,853.7174666666656,1.1233124561403494,97.55788,1160.9133,-11.00294,1441.819699999998,1.9021368073878602,21.634165,1093.6877,-145.6032
24,perich_miller_population_2018,c_20150316_random_target_reaching,c,random_target_reaching,3163.5660000000025,25.720048780487826,156.2425,680.1673,-3.3391116,2487.582000000002,4.675906015037598,217.73796,760.2144,-2.4634123,675.9840000000006,1.032036641221375,174.22249,590.5958,-2.632471,1095.5759999999998,3.130217142857142,105.848236,780.97906,-6.410922,1392.0060000000021,7.648384615384627,256.6242,909.82733,-2.5614028,39.0093666666636,0.10106053540586425,,,,,,,,,2082.905633333339,3.647820723876251,41.926235,598.4212,-13.145378,,,,,,,,,,
25,perich_miller_population_2018,c_20150317_random_target_reaching,c,random_target_reaching,3146.398999999994,22.635964028776936,78.651695,999.83594,-11.765207,2434.4049999999975,4.378426258992802,120.497246,1075.7252,-8.018814,711.9939999999964,1.0244517985611459,20.060667,979.1909,-51.191643,1203.6119999999976,3.0782915601022958,105.77687,1881.9546,-16.8862,1230.793,7.459351515151514,122.95212,1720.2104,-15.149489,44.528799999999435,0.10097233560090575,,,,,,,,,2311.478199999995,3.722187117552327,35.585045,1324.1215,-37.765778,,,,,,,,,,
26,perich_miller_population_2018,c_20150318_random_target_reaching,c,random_target_reaching,3159.061999999998,14.230009009009,258.82086,385.33328,-0.67260003,2208.7389999999996,3.150840228245363,240.15662,417.90738,-0.7983879,950.3229999999982,1.0307190889370912,36.915726,178.489,-4.040972,1594.5730000000008,3.020024621212123,107.508804,499.1121,-3.665372,614.165999999999,3.5500924855491274,243.20581,435.35782,-0.86552405,58.79056666666749,0.10118858290304215,,,,,,,,,2861.0334333333326,3.4263873453093803,24.202599,236.5716,-8.747862,,,,,,,,,,
27,perich_miller_population_2018,c_20150319_center_out_reaching,c,center_out_reaching,2541.176033333333,25.411760333333334,446.64575,1351.902,-1.930969,2533.013266666667,3.2641923539518904,352.65167,1371.3773,-2.7631083,8.162766666666666,4.081383333333333,1006.05835,1136.9807,-0.20366424,2264.1686999999997,3.1058555555555554,43.377712,1417.1206,-30.472668,268.84456666666705,5.720097163120576,210.93019,686.8139,-2.2834253,0.7238333333294196,0.0010025392428385312,,,,0.0,,,,,4.027766666666903,2.0138833333334514,39.49168,585.759,-13.89371,807.9668999999992,1.1098446428571418,100.00513,1130.3698,-10.267458,1438.5802000000044,1.9706578082191841,29.067535,1094.5684,-37.42185
28,perich_miller_population_2018,c_20150320_random_target_reaching,c,random_target_reaching,2977.0370000000003,17.409573099415205,163.93971,1456.1384,-7.704812,2122.9209999999994,3.163816691505215,270.2284,1561.8352,-4.388582,854.1160000000009,1.0143895486935877,51.230816,968.94135,-20.233303,1591.681000000001,3.0260095057034238,97.702446,1104.7942,-10.039121,531.2399999999985,3.663724137931024,134.34276,1152.95,-6.9241753,58.30230000000298,0.10121927083333851,,,,,,,,,2689.731699999998,3.4528006418485213,36.75917,1890.9493,-49.60593,,,,,,,,,,
29,perich_miller_population_2018,c_20150629_center_out_reaching,c,center_out_reaching,640.1003666666661,11.036213218390795,158.16582,784.0311,-3.9794617,632.8906999999995,4.395074305555552,137.74878,741.71136,-4.395377,7.209666666666621,3.6048333333333105,21.028166,600.1973,-27.462658,520.4723333333329,4.130732804232801,30.780539,549.4444,-17.96611,112.41836666666649,6.245464814814805,254.04756,683.9168,-1.6824759,115.60703333333217,0.9175161375661284,0.46771133,684.90894,-1422.4441,0.0,,,,,7.209666666666621,3.6048333333333105,21.028166,600.1973,-27.462658,152.29500000000033,1.2183600000000026,71.6621,488.42102,-5.8507414,252.21866666666713,2.017749333333337,25.647438,482.61905,-18.444258
30,perich_miller_population_2018,c_20150630_center_out_reaching,c,center_out_reaching,508.00836666666646,17.517529885057463,22.571503,225.11066,-12.268359,501.8876666666664,4.147831955922863,27.51237,470.28513,-17.074568,6.120700000000054,3.060350000000027,13.953327,608.3328,-47.686516,501.8876666666664,4.147831955922863,27.51237,470.28513,-17.074568,0.0,,,,,112.60883333333324,0.9306515151515143,0.49927688,449.25336,-910.32764,0.0,,,,,6.120700000000054,3.060350000000027,13.953327,608.3328,-47.686516,141.75490000000005,1.1812908333333338,72.526924,459.3865,-5.409262,244.4939333333331,2.0374494444444426,18.64622,366.41455,-19.449604
31,perich_miller_population_2018,c_20150701_center_out_reaching,c,center_out_reaching,557.7585999999998,15.07455675675675,34.981792,391.31927,-10.200407,553.1091333333334,4.008037198067633,33.171783,390.87204,-10.914887,4.649466666666496,2.324733333333248,38.63092,282.22314,-21.38875,550.3880666666666,4.076948641975308,32.49195,390.49197,-11.124692,2.7210666666666725,0.9070222222222242,3121.688,3756.5105,-0.16846347,128.7163666666672,0.9534545679012385,0.4438792,336.0596,-757.01465,0.0,,,,,4.649466666666496,2.324733333333248,38.63092,282.22314,-21.38875,160.42289999999994,1.1883177777777774,81.75524,196.59654,-1.6231921,260.61986666666627,1.916322549019605,25.174942,411.91666,-15.686925
32,perich_miller_population_2018,c_20150703_center_out_reaching,c,center_out_reaching,610.9248333333331,17.968377450980388,124.855804,954.7624,-6.4813585,605.1889666666664,4.232090675990674,115.64751,878.2783,-6.57615,5.735866666666663,2.8679333333333314,6.082641,353.5868,-261.27277,532.6178666666665,4.193841469816271,33.242092,705.016,-20.416777,72.57109999999994,4.5356937499999965,239.65344,705.0986,-2.3924627,122.08636666666635,0.9613099737532783,0.36641654,675.43463,-1826.6208,0.0,,,,,5.735866666666663,2.8679333333333314,6.082641,353.5868,-261.27277,152.59806666666702,1.2015595800524963,82.888596,596.8989,-6.279668,257.6545333333332,2.0287758530183715,24.236605,720.5532,-29.14051
33,perich_miller_population_2018,c_20150706_center_out_reaching,c,center_out_reaching,553.8250999999999,21.30096538461538,42.319084,482.75537,-10.190996,549.2487333333332,4.224990256410256,35.12911,606.73224,-15.933939,4.576366666666697,2.2881833333333486,27.722775,194.93745,-41.81958,537.9415,4.20266796875,28.918203,642.7395,-21.868933,11.307233333333215,5.653616666666608,76.99496,387.1356,-4.2940016,120.79143333333317,0.9436830729166654,0.30357575,470.16788,-1546.3252,0.0,,,,,4.576366666666697,2.2881833333333486,27.722775,194.93745,-41.81958,148.8694999999995,1.172200787401571,84.14862,490.21503,-4.8262787,268.28056666666737,2.1124454068241527,16.940767,668.97784,-42.009792
34,perich_miller_population_2018,c_20150707_center_out_reaching,c,center_out_reaching,542.2114666666665,27.110573333333328,36.709805,398.4503,-9.935923,538.8874666666666,4.113644783715012,31.769701,472.16797,-13.845209,3.324,3.324,29.75875,292.38678,-8.98822,538.8874666666666,4.113644783715012,31.769701,472.16797,-13.845209,0.0,,,,,126.08516666666665,0.9624821882951653,0.2712458,376.1415,-1384.5626,0.0,,,,,3.324,3.324,29.75875,292.38678,-8.98822,151.07069999999982,1.153211450381678,85.685844,573.99536,-5.7172565,258.7216000000001,1.9901661538461544,20.97315,518.2206,-23.65609
35,perich_miller_population_2018,c_20150708_center_out_reaching,c,center_out_reaching,526.0296333333332,26.30148166666666,30.154306,1162.7428,-41.038467,521.7318666666665,4.108124934383201,27.913464,1099.1771,-38.23215,4.297766666666661,2.1488833333333304,32.46229,734.6279,-224.25427,521.7318666666665,4.108124934383201,27.913464,1099.1771,-38.23215,0.0,,,,,123.48566666666645,0.9723280839894995,0.1188499,473.8646,-3963.8574,0.0,,,,,4.297766666666661,2.1488833333333304,32.46229,734.6279,-224.25427,150.2675666666667,1.1832091863517065,84.69813,631.4879,-6.511862,247.97863333333345,1.9525876640419957,18.652805,1070.3021,-56.538757
36,perich_miller_population_2018,c_20150709_center_out_reaching,c,center_out_reaching,565.1103666666667,28.255518333333335,31.489033,486.13803,-14.60016,556.7539999999999,4.186120300751879,27.204123,502.6198,-17.562168,8.356366666666721,4.178183333333361,44.572334,703.0918,-15.057579,556.7539999999999,4.186120300751879,27.204123,502.6198,-17.562168,0.0,,,,,130.41179999999972,0.980539849624058,0.21603431,447.84344,-2089.046,0.0,,,,,8.356366666666721,4.178183333333361,44.572334,703.0918,-15.057579,158.5298333333335,1.1919536340852144,92.911644,1039.9663,-10.448999,267.8123666666667,2.028881565656566,18.157948,483.53458,-25.639622
37,perich_miller_population_2018,c_20150710_center_out_reaching,c,center_out_reaching,595.0150333333332,29.750751666666662,32.21641,687.6649,-20.516235,587.0248999999999,4.1339781690140835,30.702936,646.2305,-20.246017,7.9901333333333335,7.9901333333333335,22.994726,211.66296,-17.18874,576.2370999999998,4.145590647482013,29.568422,555.47577,-17.783045,10.787800000000004,3.5959333333333348,80.02505,1551.7372,-17.247698,135.5454666666665,0.9751472422062338,0.31084114,478.11176,-1569.2957,0.0,,,,,7.9901333333333335,7.9901333333333335,22.994726,211.66296,-17.18874,166.15649999999994,1.1953705035971218,83.371635,472.79526,-4.671334,274.5351333333335,1.9750729016786581,21.031567,458.33688,-20.69656
38,perich_miller_population_2018,c_20150713_center_out_reaching,c,center_out_reaching,542.1510333333331,28.53426491228069,734.85876,1535.8483,-1.5223215,538.5580333333331,4.174868475452195,353.67523,1037.6693,-2.845367,3.5930000000000004,3.5930000000000004,27.5502,243.91855,-7.887655,534.5850333333332,4.242738359788358,357.91373,993.5538,-2.6078591,3.9729999999999563,1.3243333333333187,280.436,423.30954,-0.5756683,117.11466666666644,0.9294814814814797,0.14503995,294.9472,-2058.9902,0.0,,,,,3.5930000000000004,3.5930000000000004,27.5502,243.91855,-7.887655,153.41633333333365,1.2080026246719184,74.14926,547.7943,-6.52441,260.8140333333331,2.0865122666666647,21.396105,687.03613,-31.153732
39,perich_miller_population_2018,c_20150714_center_out_reaching,c,center_out_reaching,565.5488666666665,33.26758039215685,35.244625,389.9908,-10.192147,558.5851666666665,4.047718599033815,32.3807,504.71735,-14.588194,6.9637000000000056,3.4818500000000028,28.247477,346.29092,-11.33684,558.5851666666665,4.047718599033815,32.3807,504.71735,-14.588194,0.0,,,,,131.98756666666705,0.95643164251208,0.2088968,461.33432,-2183.6362,0.0,,,,,6.9637000000000056,3.4818500000000028,28.247477,346.29092,-11.33684,163.82389999999995,1.1871297101449272,84.996506,488.66946,-4.744217,262.6436999999995,1.8895230215827303,24.322895,510.8293,-19.880161
40,perich_miller_population_2018,c_20150715_center_out_reaching,c,center_out_reaching,532.7443,38.05316428571428,32.012108,423.3144,-13.168972,527.1861999999999,3.9938348484848474,29.323719,512.96136,-16.808395,5.5581,5.5581,34.839012,224.2673,-5.563552,527.1861999999999,3.9938348484848474,29.323719,512.96136,-16.808395,0.0,,,,,129.4354666666663,0.9805717171717143,0.5445462,517.40247,-954.9973,0.0,,,,,5.5581,5.5581,34.839012,224.2673,-5.563552,153.51183333333373,1.1629684343434372,70.53813,780.53094,-10.345445,244.23889999999992,1.8502946969696963,21.568272,478.16855,-21.15258
41,perich_miller_population_2018,c_20150716_center_out_reaching,c,center_out_reaching,529.384,40.72184615384616,30.25327,642.7581,-20.171858,523.7262333333333,3.9377912280701755,30.748135,594.9036,-18.22666,5.657766666666666,5.657766666666666,34.054222,487.8722,-15.36861,523.6162333333334,3.9970704834605604,30.748135,594.9036,-18.22666,0.10999999999999943,0.054999999999999716,,,,127.78236666666677,0.975437913486006,0.16122416,594.71844,-3661.0728,0.0,,,,,5.657766666666666,5.657766666666666,34.054222,487.8722,-15.36861,152.81043333333287,1.1754648717948681,76.44381,2168.0176,-26.208727,243.0234333333337,1.8694110256410286,24.352545,561.9033,-22.819511
42,perich_miller_population_2018,c_20151103_center_out_reaching,c,center_out_reaching,706.1275666666668,17.222623577235776,39.23796,497.36176,-11.706329,700.4355666666667,3.957263088512241,54.798233,432.1396,-6.8891354,5.692,5.692,31.032381,690.18744,-72.50466,686.9707666666668,3.948107854406131,45.89523,298.27887,-6.4368267,13.464799999999855,4.488266666666618,92.78619,389.4491,-4.279479,163.28779999999952,0.9384356321839052,0.5119284,539.5022,-1087.0775,0.0,,,,,5.692,5.692,31.032381,690.18744,-72.50466,200.49596666666702,1.1522756704980863,87.60067,559.63245,-5.515371,322.9518000000003,1.8560448275862085,26.046019,515.9452,-19.647038
43,perich_miller_population_2018,c_20151104_center_out_reaching,c,center_out_reaching,935.1139000000003,13.956923880597019,101.1581,679.3748,-5.7822466,929.2416333333335,4.005351867816093,431.64368,979.0164,-1.3018761,5.8722666666667065,2.9361333333333532,23.424337,840.7769,-35.41767,884.6391333333331,3.966991629297458,37.78163,551.04846,-13.49073,44.60250000000053,4.955833333333392,309.341,888.0942,-1.8980399,213.27529999999993,0.9563914798206274,0.3547464,546.52454,-1607.1897,0.0,,,,,5.8722666666667065,2.9361333333333532,23.424337,840.7769,-35.41767,249.53693333333396,1.1189997010463406,93.47839,918.44037,-8.540111,421.6393999999991,1.8907596412556014,0.21028355,38.33066,-198.60045
44,perich_miller_population_2018,c_20151106_center_out_reaching,c,center_out_reaching,802.8773000000001,22.302147222222224,385.81296,2800.4944,-6.606518,797.7846,4.091203076923077,179.60683,1827.1592,-9.595313,5.092700000000007,2.5463500000000034,29.34663,769.1029,-30.099266,731.9424333333333,4.043880847145488,35.028625,1308.2303,-37.930046,65.84216666666674,4.70301190476191,374.8033,843.62427,-1.2795733,174.56769999999932,0.9644624309392228,0.1615653,686.3954,-4381.663,0.0,,,,,5.062700000000034,2.531350000000017,29.34663,769.1029,-30.099266,205.93336666666755,1.1377534069981632,88.1218,1277.9204,-13.444687,347.71479999999974,1.9425407821229035,24.4828,998.8116,-41.346985
45,perich_miller_population_2018,c_20151109_center_out_reaching,c,center_out_reaching,530.0783000000002,21.20313200000001,101.08256,1614.3455,-14.507198,517.9824000000001,4.110971428571429,149.5082,1366.0509,-7.8970327,12.095900000000034,6.047950000000017,17.962097,604.1699,-33.78835,473.3282333333334,4.045540455840457,37.0928,891.6723,-23.637138,44.654166666666754,4.9615740740740835,277.64893,1025.2407,-2.6594315,111.6150999999999,0.9539752136752128,0.21665815,508.0983,-2507.957,0.0,,,,,12.095900000000034,6.047950000000017,17.962097,604.1699,-33.78835,133.3591666666667,1.1398219373219376,92.659485,857.03674,-8.523673,226.2401333333334,1.933676353276354,25.257122,764.64307,-29.221134
46,perich_miller_population_2018,c_20151110_center_out_reaching,c,center_out_reaching,544.6494333333334,32.03820196078431,32.273674,612.1163,-22.247149,540.5413666666667,4.004010123456791,41.536945,699.16437,-15.954241,4.108066666666643,2.0540333333333214,48.404457,337.96045,-7.550498,540.5413666666667,4.004010123456791,41.536945,699.16437,-15.954241,0.0,,,,,133.2769333333327,0.9872365432098718,0.21257304,543.49585,-2550.9019,0.0,,,,,4.108066666666643,2.0540333333333214,48.404457,337.96045,-7.550498,152.55556666666703,1.12173210784314,96.18273,316.70538,-3.8723326,254.388866666667,1.870506372549022,22.056435,709.81146,-33.254673
47,perich_miller_population_2018,c_20151112_center_out_reaching,c,center_out_reaching,535.1334999999999,66.89168749999999,30.942638,260.81836,-7.841652,529.8709999999999,4.044816793893129,30.79856,508.79037,-15.602832,5.2625,5.2625,20.74149,369.61505,-27.794884,529.8709999999999,4.044816793893129,30.79856,508.79037,-15.602832,0.0,,,,,125.55229999999986,0.9584145038167928,0.15915862,387.64545,-2517.7666,0.0,,,,,5.2625,5.2625,20.74149,369.61505,-27.794884,149.59133333333313,1.1419185750636116,85.29998,653.27246,-6.723979,254.72736666666688,1.9444837150127243,21.94893,600.8744,-26.981583
48,perich_miller_population_2018,c_20151113_center_out_reaching,c,center_out_reaching,526.3719333333333,65.79649166666667,36.51611,197.68253,-4.4051957,521.1943,3.9484416666666666,34.191677,519.5991,-14.115333,5.177633333333353,2.5888166666666765,39.12374,618.1145,-16.364815,521.1943,3.9484416666666666,34.191677,519.5991,-14.115333,0.0,,,,,129.84833333333358,0.9836994949494968,0.29232433,821.15594,-3307.0356,0.0,,,,,5.177633333333353,2.5888166666666765,39.12374,618.1145,-16.364815,147.8573666666668,1.1201315656565667,88.53115,973.725,-10.01379,243.48859999999965,1.8446106060606033,27.251057,552.376,-19.368057
49,perich_miller_population_2018,c_20151116_center_out_reaching,c,center_out_reaching,476.05993333333333,26.447774074074076,36.616184,633.5791,-16.156582,469.93330000000003,3.982485593220339,42.080215,647.55566,-15.219833,6.126633333333339,3.0633166666666694,20.627434,1412.8354,-538.4323,469.93330000000003,3.982485593220339,42.080215,647.55566,-15.219833,0.0,,,,,114.78609999999988,0.9727635593220328,0.13344513,566.643,-4132.8037,0.0,,,,,6.126633333333339,3.0633166666666694,20.627434,1412.8354,-538.4323,134.18279999999987,1.1371423728813548,94.91423,1230.2615,-11.870466,220.9644000000003,1.8725796610169516,28.712069,470.5651,-15.358404
50,perich_miller_population_2018,c_20151117_center_out_reaching,c,center_out_reaching,498.8213333333334,22.673696969696973,35.53685,587.1736,-16.19244,494.89823333333345,3.9277637566137575,31.57686,581.69604,-21.188648,3.923099999999996,1.961549999999998,42.88828,707.68036,-18.61649,494.89823333333345,3.9277637566137575,31.57686,581.69604,-21.188648,0.0,,,,,122.28869999999986,0.970545238095237,0.22495367,441.93854,-2315.5469,0.0,,,,,3.923099999999996,1.961549999999998,42.88828,707.68036,-18.61649,141.1967666666666,1.129574133333333,91.03144,760.06726,-7.647418,231.41276666666698,1.851302133333336,21.082224,766.3133,-36.754715
51,perich_miller_population_2018,c_20151119_center_out_reaching,c,center_out_reaching,577.9794999999998,48.16495833333332,32.12663,615.4858,-18.864208,571.7267666666665,3.9980892773892767,31.480711,526.63885,-16.4146,6.2527333333333335,6.2527333333333335,21.916662,435.90836,-20.990719,571.7267666666665,3.9980892773892767,31.480711,526.63885,-16.4146,0.0,,,,,136.7483666666662,0.956282284382281,0.11384131,583.15094,-5538.7227,0.0,,,,,6.2527333333333335,6.2527333333333335,21.916662,435.90836,-20.990719,163.66476666666705,1.1525687793427257,86.57137,1268.2043,-15.8917675,271.3136333333333,1.9106593896713613,19.785208,591.4347,-29.24391
52,perich_miller_population_2018,c_20151120_center_out_reaching,c,center_out_reaching,483.58839999999987,24.179419999999993,29.897476,801.9274,-26.545092,480.2592666666666,4.069993785310734,23.684624,757.1431,-29.824106,3.3291333333333335,3.3291333333333335,33.13613,521.94,-15.517827,480.2592666666666,4.069993785310734,23.684624,757.1431,-29.824106,0.0,,,,,116.24496666666633,0.9851268361581892,0.10553009,469.87946,-6047.408,0.0,,,,,3.3291333333333335,3.3291333333333335,33.13613,521.94,-15.517827,136.10819999999993,1.1633179487179481,83.39158,1216.6697,-13.761678,227.6561000000003,1.92928898305085,17.154583,781.1051,-45.0265
53,perich_miller_population_2018,c_20151201_center_out_reaching,c,center_out_reaching,575.5256999999999,25.022856521739126,146.58002,716.64514,-4.198344,562.6935999999998,3.962630985915492,102.22367,601.0448,-5.071359,12.832100000000064,6.416050000000032,95.8681,565.69104,-9.050604,527.5720666666665,3.8792063725490182,36.762493,481.17358,-12.10432,35.12153333333333,5.853588888888889,249.92401,813.50226,-2.4799035,135.5745,0.9968713235294118,0.24830462,475.9969,-1943.5059,0.0,,,,,5.219100000000009,2.6095500000000045,44.030933,1058.7551,-89.63585,153.20799999999983,1.1265294117647047,88.97376,536.53864,-5.0367093,238.7895666666667,1.7558056372549022,37.240112,606.26935,-15.509352
54,perich_miller_population_2018,c_20160909_center_out_reaching,c,center_out_reaching,475.0929000000003,9.315547058823535,34.485664,1020.0316,-31.538326,470.21090000000027,4.088790434782611,300.24716,1454.7842,-7.0015388,4.882000000000001,4.882000000000001,4.613559,1825.0508,-1603.3297,446.64090000000033,3.9878651785714316,9.362398,865.6132,-93.015114,23.569999999999936,7.856666666666645,252.91911,564.79364,-2.3183744,105.76986666666755,0.9443738095238174,0.42094818,757.20325,-1768.1135,0.0,,,,,4.882000000000001,4.882000000000001,4.613559,1825.0508,-1603.3297,138.61783333333278,1.2376592261904713,19.910599,740.23425,-36.91893,202.25320000000002,1.805832142857143,8.449213,618.5044,-75.424545
55,perich_miller_population_2018,c_20160912_center_out_reaching,c,center_out_reaching,620.2172000000004,10.881003508771936,97.010864,1377.9535,-14.396448,606.2446666666671,3.9884517543859674,49.22891,1373.8804,-28.571407,13.97253333333339,6.986266666666695,369.549,1120.8918,-2.2886162,587.6376666666671,4.024915525114158,9.229738,1177.6366,-132.48042,18.60699999999993,3.101166666666655,334.9394,1153.0118,-2.9899406,148.4332000000007,1.0166657534246624,0.18925339,820.6743,-5609.6416,0.0,,,,,5.849533333333342,2.924766666666671,5.3486624,1203.542,-225.84235,182.6491999999997,1.2510219178082171,21.291931,751.01697,-35.68442,256.55526666666674,1.7572278538812791,8.268669,1019.1015,-128.36862
56,perich_miller_population_2018,c_20160914_center_out_reaching,c,center_out_reaching,551.7060999999994,11.493877083333322,10.505952,563.2168,-54.315094,549.3700999999994,3.980942753623184,9.855942,660.5611,-66.595894,2.3360000000000003,2.3360000000000003,8.584423,511.9568,-61.67926,544.1000999999994,3.9715335766423316,9.946199,644.85876,-63.879936,5.27000000000001,5.27000000000001,670.3492,795.4229,-0.20764089,135.0745999999994,0.9859459854014555,0.18081672,1004.6797,-6362.6504,0.0,,,,,2.3360000000000003,2.3360000000000003,8.584423,511.9568,-61.67926,168.59809999999993,1.2306430656934302,21.735464,440.24713,-19.735989,240.42740000000012,1.754944525547446,8.664575,841.1739,-94.61746
57,perich_miller_population_2018,c_20160915_center_out_reaching,c,center_out_reaching,503.92443333333335,10.954878985507246,40.35814,1192.1353,-29.538055,499.0697,3.8687573643410853,19.701984,1066.3763,-52.093853,4.854733333333334,4.854733333333334,8.972595,488.77408,-83.642845,491.7496999999999,3.902775396825396,10.577989,1115.858,-102.19954,7.320000000000078,2.440000000000026,462.56897,869.36505,-0.82724565,123.30859999999971,0.9786396825396803,0.12747426,957.63196,-8138.3994,0.0,,,,,4.854733333333334,4.854733333333334,8.972595,488.77408,-83.642845,150.37476666666686,1.1934505291005306,23.551922,548.5821,-22.900053,218.06633333333335,1.7306851851851852,8.094191,802.06573,-120.873276
58,perich_miller_population_2018,c_20160919_center_out_reaching,c,center_out_reaching,529.7309333333332,14.317052252252248,12.029085,1093.3865,-92.19734,523.1251666666665,3.963069444444443,10.674016,1267.8937,-119.92463,6.60576666666666,3.30288333333333,9.946934,1123.3538,-120.17981,518.7341666666665,3.959802798982187,11.036291,1228.8556,-113.25079,4.390999999999963,4.390999999999963,357.42502,1090.8173,-2.2657242,127.372933333333,0.9723124681933817,0.19162208,886.6246,-5489.615,0.0,,,,,6.60576666666666,3.30288333333333,9.946934,1123.3538,-120.17981,158.6210333333339,1.2108475826972054,19.610565,447.6371,-25.219418,231.8511999999996,1.7698564885496153,12.199701,1553.5311,-137.5532
59,perich_miller_population_2018,c_20160921_center_out_reaching,c,center_out_reaching,480.92393333333314,10.93008939393939,9.75252,773.70355,-80.43286,476.9889333333331,3.8159114666666647,8.905498,1025.6052,-111.68635,3.935,3.935,8.240809,866.08844,-103.09485,476.9889333333331,3.8159114666666647,8.905498,1025.6052,-111.68635,0.0,,,,,121.37913333333373,0.9710330666666698,0.20174357,892.4303,-5299.6294,0.0,,,,,3.935,3.935,8.240809,866.08844,-103.09485,148.75386666666674,1.1900309333333339,21.752804,480.47495,-21.59647,206.85593333333264,1.6681930107526826,9.465385,625.63605,-71.164505
60,perich_miller_population_2018,c_20160923_center_out_reaching,c,center_out_reaching,549.3616999999999,17.167553124999998,10.48231,939.1145,-88.580185,545.7560999999998,3.763835172413792,10.189539,1003.76575,-97.54339,3.605600000000093,1.8028000000000466,12.335504,2518.8818,-537.0368,545.6960999999999,3.8160566433566427,10.189539,1003.76575,-97.54339,0.05999999999994543,0.029999999999972715,,,,137.7070333333334,0.9629862470862477,0.15082482,1000.46857,-7335.074,0.0,,,,,3.605600000000093,1.8028000000000466,12.335504,2518.8818,-537.0368,171.16129999999995,1.1886201388888886,21.712704,808.0587,-36.171852,236.64776666666654,1.6548794871794863,10.157866,1102.5004,-108.65022
61,perich_miller_population_2018,c_20160929_center_out_reaching,c,center_out_reaching,575.8696333333334,26.175892424242424,36.378677,292.72403,-7.124198,571.3547333333333,3.8345955257270696,32.918945,364.6093,-10.065884,4.514899999999983,2.2574499999999915,23.172499,320.41245,-13.164282,567.3847333333333,3.8336806306306306,32.65239,356.97717,-9.9409895,3.9700000000000273,3.9700000000000273,16.842947,1462.7633,-103.44341,140.57589999999988,0.9498371621621613,0.5411839,356.2665,-692.85754,0.0,,,,,4.514899999999983,2.2574499999999915,23.172499,320.41245,-13.164282,174.16313333333306,1.176777927927926,76.87774,335.16013,-3.347062,252.64570000000035,1.7186782312925193,31.823347,425.49384,-12.863472
62,perich_miller_population_2018,c_20161005_center_out_reaching,c,center_out_reaching,581.8561666666669,20.78057738095239,210.99135,1177.3033,-5.3910856,579.4610666666669,3.7873272331154695,155.45018,1007.8536,-5.7463617,2.3951000000000002,2.3951000000000002,1.3167323,921.91797,-795.06995,550.1801000000002,3.82069513888889,33.75178,753.78314,-21.407581,29.2809666666667,3.2534407407407446,577.5466,807.13824,-0.44478428,140.17693333333372,0.9734509259259286,0.5130398,776.2887,-1540.3829,0.0,,,,,2.3951000000000002,2.3951000000000002,1.3167323,921.91797,-795.06995,167.59463333333366,1.1638516203703726,77.1938,579.05066,-6.4087276,242.40853333333277,1.695164568764565,30.289833,973.80524,-31.927238
63,perich_miller_population_2018,c_20161006_center_out_reaching,c,center_out_reaching,579.7426666666667,28.987133333333333,32.774376,733.53723,-21.199245,573.7045,3.9027517006802723,32.063427,671.77985,-19.85078,6.038166666666667,6.038166666666667,5745.4204,4995.817,0.13931406,573.7045,3.9027517006802723,32.063427,671.77985,-19.85078,0.0,,,,,143.30686666666676,0.9748766439909303,0.4811829,617.8561,-1317.62,0.0,,,,,2.9581666666666675,1.4790833333333337,19.423166,1024.4543,-69.44245,171.04096666666663,1.163543990929705,75.38837,961.1351,-11.678774,259.3566666666667,1.7643310657596374,26.76999,942.2239,-34.308506
64,perich_miller_population_2018,c_20161007_center_out_reaching,c,center_out_reaching,471.0694666666667,21.412248484848487,32.726738,573.5086,-16.462446,466.8715666666667,3.8268161202185795,36.237545,550.3655,-16.942938,4.197900000000001,4.197900000000001,35.99866,610.6208,-16.01676,458.73956666666675,3.887623446327684,39.96825,878.6595,-20.990643,8.131999999999977,2.032999999999994,849.5795,638.50433,-0.13267922,118.0026000000002,1.0000220338983068,0.45365635,678.5206,-1528.8083,0.0,,,,,4.197900000000001,4.197900000000001,35.99866,610.6208,-16.01676,141.03296666666648,1.19519463276836,71.848526,566.05475,-6.821595,198.71600000000004,1.6984273504273508,30.632921,737.23706,-23.07069
65,perich_miller_population_2018,c_20161011_center_out_reaching,c,center_out_reaching,574.0346333333332,26.092483333333327,51.509155,1138.1669,-20.700348,571.3836333333333,3.8869634920634915,47.695637,978.0707,-19.294033,2.6510000000000002,2.6510000000000002,34.56377,133.04916,-2.923513,548.3736333333331,3.973721980676327,28.575233,786.83954,-26.744091,23.010000000000048,2.556666666666672,142.12384,552.32355,-2.8886218,134.7252333333333,0.9762698067632848,0.5331653,892.6723,-1674.8838,0.0,,,,,2.6510000000000002,2.6510000000000002,34.56377,133.04916,-2.923513,166.16233333333338,1.2040748792270535,69.39949,858.04724,-11.1545315,247.48606666666652,1.7933772946859892,21.293684,822.3321,-37.928596
66,perich_miller_population_2018,m_20140114_random_target_reaching,m,random_target_reaching,1131.0429999999992,20.564418181818166,20.039726,890.94586,-43.881073,843.5700000000006,4.260454545454548,33.165657,823.3847,-23.945026,287.4729999999986,1.136256916996042,7.4324512,726.4607,-97.348854,428.86900000000014,3.634483050847459,78.61064,1341.8265,-17.31734,414.7010000000004,5.183762500000006,24.259422,959.0974,-39.12576,15.996233333334452,0.10124198312236994,,,,,,,,,1108.3467666666647,5.084159480122315,19.311905,901.3245,-46.19086,,,,,,,,,,
67,perich_miller_population_2018,m_20140115_random_target_reaching,m,random_target_reaching,1119.626,21.53126923076923,9.606191,206.57155,-20.652084,834.9489999999998,4.259943877551019,23.034248,252.25766,-9.948103,284.67700000000025,1.1525384615384626,1.7784781,467.17416,-251.45886,471.4410000000002,3.466477941176472,52.018158,384.77408,-6.420377,363.5079999999997,6.058466666666662,16.88535,311.64243,-17.460384,17.307099999999974,0.10121111111111096,,,,,,,,,1098.7689,4.905218303571429,11.456055,270.78265,-22.78497,,,,,,,,,,
68,perich_miller_population_2018,m_20140116_random_target_reaching,m,random_target_reaching,935.5069999999995,25.283972972972958,15.822904,393.57202,-26.477446,674.8030000000001,4.139895705521473,40.350307,678.8551,-15.800331,260.7039999999994,1.3100703517587908,6.110882,591.0746,-95.59856,360.82399999999956,3.572514851485144,42.940426,732.5107,-16.06889,313.9790000000006,5.0641774193548486,28.966568,573.53705,-21.486162,12.956766666667384,0.10122473958333894,,,,,,,,,919.040233333332,5.470477579365071,17.764503,490.00586,-28.287369,,,,,,,,,,
69,perich_miller_population_2018,m_20140203_center_out_reaching,m,center_out_reaching,540.9199333333333,16.903747916666667,18.469229,566.958,-29.209198,523.8057333333335,4.635448967551624,21.79218,521.17194,-22.195858,17.11419999999987,8.557099999999934,1.5605382,770.5844,-660.1162,523.8057333333335,4.635448967551624,21.79218,521.17194,-22.195858,0.0,,,,,111.14586666666699,0.9835917404129823,0.08287514,629.96686,-7769.7476,0.0,,,,,17.11419999999987,8.557099999999934,1.5605382,770.5844,-660.1162,152.46489999999977,1.3492469026548652,60.451885,572.8739,-8.725009,260.1949666666667,2.302610324483776,15.905278,774.5012,-47.11938
70,perich_miller_population_2018,m_20140214_random_target_reaching,m,random_target_reaching,950.4349999999997,20.22202127659574,18.955326,1222.6797,-62.829792,723.7579999999998,4.669406451612902,36.099236,1267.2809,-34.23468,226.67699999999996,1.1221633663366335,8.363783,1088.9034,-130.3491,406.01300000000003,3.8667904761904763,53.090786,1340.3804,-23.870525,317.74499999999966,6.3548999999999936,33.301598,1207.0211,-34.77547,13.874099999999851,0.10127080291970694,,,,,,,,,933.2608999999998,5.017531720430107,11.079125,1475.6616,-198.85135,,,,,,,,,,
71,perich_miller_population_2018,m_20140217_center_out_reaching,m,center_out_reaching,590.7106999999997,23.62842799999999,23.933979,858.387,-35.08678,544.8258999999999,4.46578606557377,23.344744,788.3527,-33.17786,45.884799999999856,22.942399999999928,6.1997323,706.4857,-112.78714,544.8258999999999,4.46578606557377,23.344744,788.3527,-33.17786,0.0,,,,,119.07383333333337,0.9760150273224046,0.06507584,1013.72644,-16743.656,0.0,,,,,40.50479999999986,13.501599999999954,4.6967497,684.4183,-150.11534,152.75676666666595,1.2521046448087374,69.74636,758.9542,-10.092573,272.79530000000057,2.2178479674796794,14.270476,893.841,-61.65258
72,perich_miller_population_2018,m_20140218_center_out_reaching,m,center_out_reaching,677.0053666666665,26.038667948717944,22.622107,704.6894,-31.101933,654.8900333333333,4.365933555555555,22.091927,734.30707,-33.25595,22.11533333333325,11.057666666666625,6.6365886,450.25684,-65.598564,654.8900333333333,4.365933555555555,22.091927,734.30707,-33.25595,0.0,,,,,143.0867666666663,0.9539117777777754,0.08324792,1035.6847,-12560.058,0.0,,,,,22.11533333333325,11.057666666666625,6.6365886,450.25684,-65.598564,190.42209999999992,1.278000671140939,65.783844,934.9809,-13.709673,321.381166666667,2.1569205816554833,15.102024,668.3887,-44.18645
73,perich_miller_population_2018,m_20140221_random_target_reaching,m,random_target_reaching,801.4949999999999,16.029899999999998,296.268,634.94763,-2.5855784,569.9179999999999,3.5398633540372666,205.35022,994.0889,-5.2291527,231.57699999999994,1.1027476190476189,7.644101,1040.1753,-136.64462,360.2389999999998,3.216419642857141,201.06714,1147.8319,-5.4578943,209.6790000000001,4.279163265306124,133.72838,1322.5055,-11.466407,13.770433333333253,0.10125318627450922,,,,,,,,,770.7645666666667,4.035416579406632,16.072157,571.1524,-34.34372,,,,,,,,,,
74,perich_miller_population_2018,m_20140224_random_target_reaching,m,random_target_reaching,665.9409999999996,13.318819999999992,25.051443,618.68463,-23.413628,462.6139999999998,3.452343283582088,46.280323,763.53723,-15.606485,203.3269999999997,1.111076502732239,9.252075,822.4258,-98.36045,296.02499999999986,3.149202127659573,61.089294,964.05225,-14.685383,166.58899999999994,4.164724999999999,40.648853,1305.7356,-30.962288,11.645366666666442,0.10126405797101254,,,,,,,,,646.175633333333,3.8926242971887532,25.809114,647.1778,-23.929222,,,,,,,,,,
75,perich_miller_population_2018,m_20140303_center_out_reaching,m,center_out_reaching,629.1220999999998,48.39400769230768,24.060318,523.3839,-20.342155,615.4580999999998,4.303902797202796,23.952072,517.53577,-20.707653,13.663999999999882,6.831999999999941,5.5438957,867.9097,-144.09825,615.4580999999998,4.303902797202796,23.952072,517.53577,-20.707653,0.0,,,,,138.66793333333337,0.9697058275058278,0.04827249,756.044,-15550.069,0.0,,,,,13.663999999999882,6.831999999999941,5.5438957,867.9097,-144.09825,177.60343333333267,1.2595988179668984,67.525185,798.55383,-11.319994,296.1467333333338,2.085540375586858,18.84085,736.85333,-38.15883
76,perich_miller_population_2018,m_20140304_center_out_reaching,m,center_out_reaching,610.6365000000002,19.697951612903232,18.468327,606.1763,-31.62926,574.8388333333336,4.871515536723166,18.294489,565.00195,-29.757038,35.797666666666764,17.898833333333382,3.5281405,679.4695,-541.7628,574.8388333333336,4.871515536723166,18.294489,565.00195,-29.757038,0.0,,,,,115.0223666666667,0.9747658192090398,0.063508466,634.13635,-12476.406,0.0,,,,,35.797666666666764,17.898833333333382,3.5281405,679.4695,-541.7628,159.86306666666638,1.354771751412427,58.95063,375.90067,-5.4077153,299.95340000000044,2.541977966101699,10.698983,731.5738,-69.23605
77,perich_miller_population_2018,m_20140306_center_out_reaching,m,center_out_reaching,621.1878666666668,22.185280952380957,246.04631,1528.3958,-6.745723,595.8591,4.446709701492537,204.24614,1482.5206,-7.3513794,25.328766666666855,12.664383333333427,4.8942776,477.52237,-105.14142,595.8591,4.446709701492537,204.24614,1482.5206,-7.3513794,0.0,,,,,128.21246666666588,0.9568094527363125,0.049831722,977.31445,-20125.781,0.0,,,,,25.328766666666855,12.664383333333427,4.8942776,477.52237,-105.14142,184.49203333333384,1.3768062189054764,47.479267,210.45767,-4.2632537,280.09460000000036,2.0902582089552264,18.773571,1331.8396,-74.41642
78,perich_miller_population_2018,m_20140307_center_out_reaching,m,center_out_reaching,600.0544333333336,21.430515476190486,26.337162,719.149,-25.916985,592.5110666666667,4.324898296836984,25.091745,832.81287,-31.913715,7.543366666666814,3.771683333333407,11.020867,490.66162,-104.54323,592.5110666666667,4.324898296836984,25.091745,832.81287,-31.913715,0.0,,,,,132.18939999999986,0.9648861313868603,0.10811505,592.8289,-5596.5664,0.0,,,,,7.543366666666814,3.771683333333407,11.020867,490.66162,-104.54323,175.57590000000025,1.281575912408761,71.89985,701.05817,-8.923971,284.74576666666667,2.0784362530413625,18.168648,927.404,-49.55484
79,perich_miller_population_2018,m_20140626_center_out_reaching,m,center_out_reaching,2127.7967000000012,9.805514746543784,20.731678,262.3012,-12.9388275,2062.4269666666682,4.573008795269774,24.107641,227.11569,-9.384629,65.36973333333279,32.684866666666395,6.8042283,376.2956,-82.578735,2062.4269666666682,4.573008795269774,24.107641,227.11569,-9.384629,0.0,,,,,456.6809999999992,1.0125964523281579,0.029365417,372.22916,-13880.154,0.0,,,,,25.94973333333272,8.649911111110907,3.263091,287.47464,-88.258644,579.9876000000011,1.2860035476718428,71.39481,312.6963,-3.7431056,1025.758366666668,2.274408795269774,15.241257,214.42453,-21.826862
80,perich_miller_population_2018,m_20140627_center_out_reaching,m,center_out_reaching,2015.6315999999993,8.4336050209205,13.433951,285.6495,-22.856007,1973.7384999999995,4.4959874715261945,335.71707,739.5582,-2.8421183,41.89309999999996,20.94654999999998,0.09727219,491.53116,-5135.0483,1970.5984999999991,4.499083333333331,344.4416,751.22266,-2.8016658,3.1400000000003274,3.1400000000003274,60.884335,409.66907,-30.361757,441.44273333333877,1.0078601217656136,0.0153622795,286.89163,-18950.6,0.0,,,,,41.89309999999996,20.94654999999998,0.09727219,491.53116,-5135.0483,553.7740666666652,1.2672175438596458,75.75656,264.6093,-3.4581995,968.721699999995,2.2066553530751594,12.655132,349.40237,-36.225243
81,perich_miller_population_2018,m_20140929_center_out_reaching,m,center_out_reaching,2271.3811333333338,39.84879181286551,24.988657,690.4214,-27.025343,2238.007966666667,4.279173932441046,26.495615,602.9098,-21.870268,33.37316666666676,16.68658333333338,6.1120276,682.6147,-337.79938,2204.7879666666668,4.239976858974359,28.275238,584.6027,-19.701502,33.220000000000255,11.073333333333418,18.42538,748.8722,-42.35334,515.6327333333322,0.9916014102564081,0.064363584,317.78766,-7173.9746,0.0,,,,,33.37316666666676,16.68658333333338,6.1120276,682.6147,-337.79938,611.2751333333334,1.1755291025641028,74.567535,579.6032,-6.38058,1077.8801000000012,2.0768402697495207,17.364574,692.7878,-39.0502
82,perich_miller_population_2018,m_20141203_center_out_reaching,m,center_out_reaching,924.1246666666663,28.87889583333332,6.3966055,141.64606,-22.665245,749.3615666666665,4.803599786324785,28.312647,300.48108,-10.134128,174.7630999999999,87.38154999999995,4.1389813,395.6505,-133.29546,704.4127999999996,4.604005228758167,29.172295,767.7218,-42.987804,44.94876666666676,14.982922222222252,32.519115,309.1435,-8.19991,151.85359999999957,0.9925071895424808,0.04941137,308.0723,-6953.329,0.0,,,,,70.91310000000009,17.72827500000002,1.0204251,354.6039,-337.7862,193.2352333333339,1.2629753812636202,75.210205,313.11176,-3.6109028,358.9527333333329,2.3460962962962935,13.733917,405.42294,-29.171501
83,perich_miller_population_2018,m_20150511_center_out_reaching,m,center_out_reaching,2394.8176333333327,52.06125289855071,0.07242006,39.343437,-536.4972,2201.2826333333333,4.5481046143250685,26.497007,147.9298,-5.78477,193.53499999999934,96.76749999999967,1.5857466,601.9983,-556.3384,2082.5226333333335,4.329568884268885,25.950998,280.2809,-9.94293,118.75999999999976,39.58666666666659,26.552069,714.12524,-41.82425,481.20963333332924,1.0004358281358197,0.23033711,260.64905,-1157.6648,0.0,,,,,193.53499999999934,96.76749999999967,1.5857466,601.9983,-556.3384,561.7788000000043,1.170372500000009,89.733536,417.01282,-3.7871442,1036.4942,2.159362916666667,18.578196,438.70328,-22.706749
84,perich_miller_population_2018,m_20150610_center_out_reaching,m,center_out_reaching,539.6377666666666,38.54555476190476,28.820103,320.6103,-10.59374,526.0406333333333,4.109692447916666,34.09663,452.74924,-12.994984,13.597133333333288,6.798566666666644,12.120442,932.8735,-236.59819,526.0406333333333,4.109692447916666,34.09663,452.74924,-12.994984,0.0,,,,,124.35649999999995,0.9715351562499996,0.020997673,249.53534,-13322.67,0.0,,,,,13.597133333333288,6.798566666666644,12.120442,932.8735,-236.59819,145.30506666666716,1.1351958333333372,96.16269,564.44763,-4.9687815,256.37906666666623,2.018732808398947,20.495441,527.68317,-24.974493
85,perich_miller_population_2018,m_20150611_center_out_reaching,m,center_out_reaching,527.2278333333331,32.95173958333332,26.093647,968.0498,-37.873085,513.1937333333332,4.172306775067749,27.001484,1016.8645,-36.731453,14.03409999999998,7.01704999999999,9.54771,592.1904,-63.98587,513.1937333333332,4.172306775067749,27.001484,1016.8645,-36.731453,0.0,,,,,122.60126666666665,0.9967582655826557,0.034319848,670.2421,-20840.566,0.0,,,,,14.03409999999998,7.01704999999999,9.54771,592.1904,-63.98587,143.6417999999997,1.1678195121951196,85.81177,482.587,-4.7347755,246.9506666666668,2.0241857923497277,18.201668,817.96985,-43.654648
86,perich_miller_population_2018,m_20150612_center_out_reaching,m,center_out_reaching,510.42793333333356,18.904738271604945,26.018559,295.8905,-14.189048,487.9627666666668,4.170621937321939,27.17711,330.1877,-11.000807,22.465166666666743,11.232583333333372,4.6522636,268.94528,-117.65606,487.8427666666668,4.205541091954024,27.17711,330.1877,-11.000807,0.12000000000000455,0.12000000000000455,,,,116.09646666666626,1.0008316091953988,0.01553588,251.48776,-16691.8,0.0,,,,,22.465166666666743,11.232583333333372,4.6522636,268.94528,-117.65606,137.3332666666666,1.194202318840579,83.14339,510.97116,-5.147218,234.41303333333397,2.0383742028985563,18.135582,419.14648,-22.3286
87,perich_miller_population_2018,m_20150615_center_out_reaching,m,center_out_reaching,451.5787999999998,22.57893999999999,31.843287,339.85303,-9.621381,439.74069999999983,4.109726168224298,30.883083,342.55618,-10.01616,11.838099999999939,5.919049999999969,9.73832,349.55112,-34.64721,439.74069999999983,4.109726168224298,30.883083,342.55618,-10.01616,0.0,,,,,106.11863333333355,0.9917629283489117,0.035266433,354.98972,-11865.447,0.0,,,,,11.838099999999939,5.919049999999969,9.73832,349.55112,-34.64721,125.35843333333322,1.1715741433021796,86.79546,648.07764,-6.4653397,208.26363333333308,1.9463890965732062,20.674534,463.0331,-21.239742
88,perich_miller_population_2018,m_20150616_center_out_reaching,m,center_out_reaching,499.8302999999998,33.32201999999999,33.472225,596.4595,-16.904858,495.19229999999976,4.025953658536584,30.696344,726.3154,-22.683573,4.638000000000022,2.319000000000011,22.85625,487.1616,-96.93383,495.0522999999997,4.057805737704916,30.696344,726.3154,-22.683573,0.1400000000000432,0.1400000000000432,,,,120.30949999999973,0.9861434426229486,0.03385777,408.8106,-15377.719,0.0,,,,,4.638000000000022,2.319000000000011,22.85625,487.1616,-96.93383,138.85603333333364,1.1381642076502758,92.278465,788.50507,-7.6626663,235.88676666666635,1.9334980874316914,25.253431,977.6586,-37.98259
89,perich_miller_population_2018,m_20150617_center_out_reaching,m,center_out_reaching,476.6428999999998,19.860120833333326,33.476273,514.71387,-14.438826,472.67349999999976,4.039944444444442,36.713257,731.567,-27.635664,3.9694000000000513,1.9847000000000257,33.09136,995.51154,-413.92438,472.67349999999976,4.039944444444442,36.713257,731.567,-27.635664,0.0,,,,,112.59030000000025,0.9623102564102586,0.0313516,556.74915,-18882.592,0.0,,,,,3.9694000000000513,1.9847000000000257,33.09136,995.51154,-413.92438,133.840733333333,1.1439378917378888,92.35487,645.7197,-6.035494,226.24246666666653,1.9336962962962951,17.405968,764.75806,-44.640373
90,perich_miller_population_2018,m_20150623_center_out_reaching,m,center_out_reaching,552.8543999999999,30.71413333333333,27.419744,296.8578,-9.843634,541.4227333333333,4.132997964376591,29.287624,322.49915,-10.106726,11.431666666666622,5.715833333333311,8.815033,834.76154,-106.7748,541.4227333333333,4.132997964376591,29.287624,322.49915,-10.106726,0.0,,,,,134.43373333333332,1.0262117048346056,0.026715297,370.26874,-14900.959,0.0,,,,,11.431666666666622,5.715833333333311,8.815033,834.76154,-106.7748,154.99240000000054,1.1831480916030577,64.02661,273.29858,-4.3476276,251.8965999999994,1.9228748091603007,25.24092,337.85522,-12.420225
91,perich_miller_population_2018,m_20150625_center_out_reaching,m,center_out_reaching,501.4394333333331,18.571830864197523,65.94519,1175.619,-18.171947,491.6912666666664,4.063564187327822,28.915106,640.04974,-20.075665,9.748166666666668,9.748166666666668,9.085784,930.96234,-100.58136,491.6912666666664,4.063564187327822,28.915106,640.04974,-20.075665,0.0,,,,,120.17523333333301,0.9931837465564711,0.023076141,590.28864,-28443.797,0.0,,,,,9.748166666666668,9.748166666666668,9.085784,930.96234,-100.58136,145.4014333333337,1.201664738292014,82.6892,660.3086,-7.5586033,226.1145999999997,1.8687157024793364,21.872852,673.0563,-28.468208
92,perich_miller_population_2018,m_20150626_center_out_reaching,m,center_out_reaching,522.1147000000001,40.16266923076924,23.900991,1328.762,-63.85479,518.1738666666666,4.048233333333333,30.594059,1186.3075,-41.295265,3.94083333333337,1.970416666666685,0.038681015,707.87604,-22546.62,518.1738666666666,4.048233333333333,30.594059,1186.3075,-41.295265,0.0,,,,,131.06019999999975,1.023907812499998,0.015482252,503.45853,-33564.47,0.0,,,,,3.94083333333337,1.970416666666685,0.038681015,707.87604,-22546.62,148.60016666666664,1.160938802083333,93.328575,1212.9545,-12.546034,238.51350000000025,1.863386718750002,21.096413,1058.8801,-52.447914
93,pei_pandarinath_nlb_2021,jenkins_maze,jenkins,maze,201.44619999999998,2.837270422535211,28500.521,3705.4976,0.8697907,201.44619999999998,2.837270422535211,28500.521,3705.4976,0.8697907,0.0,,,,,,,,,,,,,,,,,,,,,,,,,,,,,,,,,,,,,,,
94,odoherty_sabes_nonhuman_2017,indy_20160407_02,indy,random_target_reaching,572.4459999999999,572.4459999999999,3458.1711,2406.175,0.2397489,,,,,,,,,,,,,,,,,,,,,,,,,,,,,,,,,,,,,,,,,,,,,
95,odoherty_sabes_nonhuman_2017,indy_20160411_01,indy,random_target_reaching,667.2511999999999,667.2511999999999,4458.1045,2660.436,0.3695768,,,,,,,,,,,,,,,,,,,,,,,,,,,,,,,,,,,,,,,,,,,,,
96,odoherty_sabes_nonhuman_2017,indy_20160411_02,indy,random_target_reaching,615.9971999999999,615.9971999999999,3753.4785,2808.5798,0.21350086,,,,,,,,,,,,,,,,,,,,,,,,,,,,,,,,,,,,,,,,,,,,,
97,odoherty_sabes_nonhuman_2017,indy_20160418_01,indy,random_target_reaching,950.3284,950.3284,5406.6304,3518.676,0.3174643,,,,,,,,,,,,,,,,,,,,,,,,,,,,,,,,,,,,,,,,,,,,,
98,odoherty_sabes_nonhuman_2017,indy_20160419_01,indy,random_target_reaching,366.8000000000002,366.8000000000002,3998.2747,3658.245,-0.46108153,,,,,,,,,,,,,,,,,,,,,,,,,,,,,,,,,,,,,,,,,,,,,
99,odoherty_sabes_nonhuman_2017,indy_20160420_01,indy,random_target_reaching,1087.2428,1087.2428,5514.9463,2569.004,0.45146146,,,,,,,,,,,,,,,,,,,,,,,,,,,,,,,,,,,,,,,,,,,,,
100,odoherty_sabes_nonhuman_2017,indy_20160426_01,indy,random_target_reaching,1233.4447999999998,1233.4447999999998,6510.2964,2474.0073,0.51545227,,,,,,,,,,,,,,,,,,,,,,,,,,,,,,,,,,,,,,,,,,,,,
101,odoherty_sabes_nonhuman_2017,indy_20160622_01,indy,random_target_reaching,1714.7731999999996,1714.7731999999996,4786.004,3845.3347,0.064703554,,,,,,,,,,,,,,,,,,,,,,,,,,,,,,,,,,,,,,,,,,,,,
102,odoherty_sabes_nonhuman_2017,indy_20160624_03,indy,random_target_reaching,349.9972,349.9972,5329.339,3750.9897,0.30524707,,,,,,,,,,,,,,,,,,,,,,,,,,,,,,,,,,,,,,,,,,,,,
103,odoherty_sabes_nonhuman_2017,indy_20160627_01,indy,random_target_reaching,2354.0607999999997,2354.0607999999997,5862.929,5165.8555,0.10567194,,,,,,,,,,,,,,,,,,,,,,,,,,,,,,,,,,,,,,,,,,,,,
104,odoherty_sabes_nonhuman_2017,indy_20160630_01,indy,random_target_reaching,1024.2624,1024.2624,5155.912,2468.5576,0.55965793,,,,,,,,,,,,,,,,,,,,,,,,,,,,,,,,,,,,,,,,,,,,,
105,odoherty_sabes_nonhuman_2017,indy_20160915_01,indy,random_target_reaching,266.73079999999993,266.73079999999993,7180.4976,4626.904,0.3427858,,,,,,,,,,,,,,,,,,,,,,,,,,,,,,,,,,,,,,,,,,,,,
106,odoherty_sabes_nonhuman_2017,indy_20160916_01,indy,random_target_reaching,316.27680000000004,316.27680000000004,6306.691,4471.756,0.28589872,,,,,,,,,,,,,,,,,,,,,,,,,,,,,,,,,,,,,,,,,,,,,
107,odoherty_sabes_nonhuman_2017,indy_20160921_01,indy,random_target_reaching,252.1036,252.1036,7816.4976,5725.2134,0.26317516,,,,,,,,,,,,,,,,,,,,,,,,,,,,,,,,,,,,,,,,,,,,,
108,odoherty_sabes_nonhuman_2017,indy_20160927_04,indy,random_target_reaching,272.5576000000001,272.5576000000001,5517.4434,4564.98,0.19327563,,,,,,,,,,,,,,,,,,,,,,,,,,,,,,,,,,,,,,,,,,,,,
109,odoherty_sabes_nonhuman_2017,indy_20160927_06,indy,random_target_reaching,294.6999999999998,294.6999999999998,7004.97,4237.1597,0.39579523,,,,,,,,,,,,,,,,,,,,,,,,,,,,,,,,,,,,,,,,,,,,,
110,odoherty_sabes_nonhuman_2017,indy_20160930_02,indy,random_target_reaching,322.5487999999999,322.5487999999999,6057.6157,3543.9707,0.41465342,,,,,,,,,,,,,,,,,,,,,,,,,,,,,,,,,,,,,,,,,,,,,
111,odoherty_sabes_nonhuman_2017,indy_20160930_05,indy,random_target_reaching,284.1999999999998,284.1999999999998,5362.563,3578.3694,0.27751163,,,,,,,,,,,,,,,,,,,,,,,,,,,,,,,,,,,,,,,,,,,,,
112,odoherty_sabes_nonhuman_2017,indy_20161005_06,indy,random_target_reaching,261.79999999999995,261.79999999999995,7421.339,6577.051,0.113936335,,,,,,,,,,,,,,,,,,,,,,,,,,,,,,,,,,,,,,,,,,,,,
113,odoherty_sabes_nonhuman_2017,indy_20161006_02,indy,random_target_reaching,351.4000000000001,351.4000000000001,5795.278,4521.1865,0.2198348,,,,,,,,,,,,,,,,,,,,,,,,,,,,,,,,,,,,,,,,,,,,,
114,odoherty_sabes_nonhuman_2017,indy_20161007_02,indy,random_target_reaching,343.9688,343.9688,4677.82,4338.944,0.05142808,,,,,,,,,,,,,,,,,,,,,,,,,,,,,,,,,,,,,,,,,,,,,
115,odoherty_sabes_nonhuman_2017,indy_20161011_03,indy,random_target_reaching,471.6376,471.6376,3966.9504,3176.662,0.20140734,,,,,,,,,,,,,,,,,,,,,,,,,,,,,,,,,,,,,,,,,,,,,
116,odoherty_sabes_nonhuman_2017,indy_20161013_03,indy,random_target_reaching,362.2080000000001,362.2080000000001,6493.2544,5000.707,0.22936836,,,,,,,,,,,,,,,,,,,,,,,,,,,,,,,,,,,,,,,,,,,,,
117,odoherty_sabes_nonhuman_2017,indy_20161014_04,indy,random_target_reaching,363.3251999999999,363.3251999999999,5445.46,3423.409,0.37534282,,,,,,,,,,,,,,,,,,,,,,,,,,,,,,,,,,,,,,,,,,,,,
118,odoherty_sabes_nonhuman_2017,indy_20161017_02,indy,random_target_reaching,347.0823999999999,347.0823999999999,7368.2266,6491.4077,0.11257064,,,,,,,,,,,,,,,,,,,,,,,,,,,,,,,,,,,,,,,,,,,,,
119,odoherty_sabes_nonhuman_2017,indy_20161024_03,indy,random_target_reaching,330.6435999999999,330.6435999999999,6435.6704,5278.951,0.18202743,,,,,,,,,,,,,,,,,,,,,,,,,,,,,,,,,,,,,,,,,,,,,
120,odoherty_sabes_nonhuman_2017,indy_20161025_04,indy,random_target_reaching,352.828,352.828,6271.7837,4670.129,0.25640458,,,,,,,,,,,,,,,,,,,,,,,,,,,,,,,,,,,,,,,,,,,,,
121,odoherty_sabes_nonhuman_2017,indy_20161026_03,indy,random_target_reaching,348.21639999999996,348.21639999999996,7130.46,4634.4893,0.341406,,,,,,,,,,,,,,,,,,,,,,,,,,,,,,,,,,,,,,,,,,,,,
122,odoherty_sabes_nonhuman_2017,indy_20161027_03,indy,random_target_reaching,405.26920000000007,405.26920000000007,5417.8774,4747.8906,0.12850058,,,,,,,,,,,,,,,,,,,,,,,,,,,,,,,,,,,,,,,,,,,,,
123,odoherty_sabes_nonhuman_2017,indy_20161206_02,indy,random_target_reaching,516.5355999999997,516.5355999999997,7060.464,6782.721,-0.03717652,,,,,,,,,,,,,,,,,,,,,,,,,,,,,,,,,,,,,,,,,,,,,
124,odoherty_sabes_nonhuman_2017,indy_20161207_02,indy,random_target_reaching,311.55039999999997,311.55039999999997,5889.112,5499.724,0.0708434,,,,,,,,,,,,,,,,,,,,,,,,,,,,,,,,,,,,,,,,,,,,,
125,odoherty_sabes_nonhuman_2017,indy_20161212_02,indy,random_target_reaching,392.5208,392.5208,6900.3433,5232.7217,0.24102822,,,,,,,,,,,,,,,,,,,,,,,,,,,,,,,,,,,,,,,,,,,,,
126,odoherty_sabes_nonhuman_2017,indy_20161220_02,indy,random_target_reaching,403.4268,403.4268,5126.0303,4369.5337,0.14406139,,,,,,,,,,,,,,,,,,,,,,,,,,,,,,,,,,,,,,,,,,,,,
127,odoherty_sabes_nonhuman_2017,indy_20170123_02,indy,random_target_reaching,426.846,426.846,4765.188,4422.4917,0.079650104,,,,,,,,,,,,,,,,,,,,,,,,,,,,,,,,,,,,,,,,,,,,,
128,odoherty_sabes_nonhuman_2017,indy_20170124_01,indy,random_target_reaching,413.0,413.0,4215.1714,4329.347,-0.024301708,,,,,,,,,,,,,,,,,,,,,,,,,,,,,,,,,,,,,,,,,,,,,
129,odoherty_sabes_nonhuman_2017,indy_20170127_03,indy,random_target_reaching,513.4808000000003,513.4808000000003,11108.464,8643.269,0.20562595,,,,,,,,,,,,,,,,,,,,,,,,,,,,,,,,,,,,,,,,,,,,,
130,odoherty_sabes_nonhuman_2017,indy_20170131_02,indy,random_target_reaching,571.1831999999999,571.1831999999999,4378.495,4188.301,0.044950783,,,,,,,,,,,,,,,,,,,,,,,,,,,,,,,,,,,,,,,,,,,,,
131,odoherty_sabes_nonhuman_2017,loco_20170210_03,loco,random_target_reaching,1237.8631999999998,1237.8631999999998,106.998024,363.9889,-2.482491,,,,,,,,,,,,,,,,,,,,,,,,,,,,,,,,,,,,,,,,,,,,,
132,odoherty_sabes_nonhuman_2017,loco_20170213_02,loco,random_target_reaching,1692.2108000000007,1692.2108000000007,1173.8168,1472.234,-0.32693195,,,,,,,,,,,,,,,,,,,,,,,,,,,,,,,,,,,,,,,,,,,,,
133,odoherty_sabes_nonhuman_2017,loco_20170215_02,loco,random_target_reaching,783.9971999999998,783.9971999999998,1340.1246,1394.005,-0.025815874,,,,,,,,,,,,,,,,,,,,,,,,,,,,,,,,,,,,,,,,,,,,,
134,odoherty_sabes_nonhuman_2017,loco_20170227_04,loco,random_target_reaching,1411.0459999999998,1411.0459999999998,666.07635,1081.9103,-0.61610335,,,,,,,,,,,,,,,,,,,,,,,,,,,,,,,,,,,,,,,,,,,,,
135,odoherty_sabes_nonhuman_2017,loco_20170228_02,loco,random_target_reaching,1246.6131999999998,1246.6131999999998,1433.9551,1982.5638,-0.39619607,,,,,,,,,,,,,,,,,,,,,,,,,,,,,,,,,,,,,,,,,,,,,
136,odoherty_sabes_nonhuman_2017,loco_20170301_05,loco,random_target_reaching,811.5128,811.5128,1900.0289,1241.0057,0.3718488,,,,,,,,,,,,,,,,,,,,,,,,,,,,,,,,,,,,,,,,,,,,,
137,odoherty_sabes_nonhuman_2017,loco_20170302_02,loco,random_target_reaching,1598.3212000000003,1598.3212000000003,10.766064,425.30493,-38.264645,,,,,,,,,,,,,,,,,,,,,,,,,,,,,,,,,,,,,,,,,,,,,
138,churchland_shenoy_neural_2012,jenkins_20090912_center_out_reaching,jenkins,center_out_reaching,4071.3990922803787,3.577679342952881,135713.92,122137.96,0.20064968,4070.968925613712,3.577301340609589,41125.812,27804.969,0.4152606,0.43016666666682113,0.14338888888894039,,,,4025.748858947046,3.5848164371745734,14907.506,2662.959,0.8191098,45.2200666666663,3.0146711111110864,38730.46,24723.443,0.4655413,541.0069999999989,0.48175155832591177,,,,,,,,,,,,,,463.7589999999954,0.41186412078152346,50942.754,19677.012,0.56267846,1474.6728589470385,1.3131548165156175,357.0848,5262.3745,-14.221077
139,churchland_shenoy_neural_2012,jenkins_20090916_center_out_reaching,jenkins,center_out_reaching,6016.916400000017,3.605102696225295,37322.293,25429.223,0.3628755,6015.474733333353,3.6042389055322666,20262.479,8498.112,0.57410294,1.4416666666642186,0.16018518518491318,,,,5935.590133333351,3.6082614792300007,16676.78,3455.6848,0.77812225,79.88460000000237,3.3285250000000985,33746.707,21564.21,0.4174204,793.4780000000034,0.48235744680851267,,,,,,,,,,,,,,673.4899999999993,0.4054726068633349,43702.523,12478.636,0.7110518,2144.6151333333446,1.3037174062816685,732.7656,6535.7607,-8.069263
140,churchland_shenoy_neural_2012,jenkins_20090918_center_out_reaching,jenkins,center_out_reaching,7085.751033333338,3.6637802654257174,64247.26,49626.63,0.38321775,7084.621733333342,3.66319634608756,63132.867,48453.195,0.3959164,1.1292999999959648,0.1411624999994956,,,,6881.838300000004,3.6840676124197023,13191.941,3882.754,0.69636613,202.78343333333748,3.0724762626263256,52679.5,40793.535,0.35415575,1188.134999999976,0.6360465738757901,,,,,,,,,,,,,,862.0650000000176,0.45878924960086087,55317.023,13024.13,0.7644199,2498.552299999995,1.3375547644539587,1352.3652,5140.2534,-2.851667
141,churchland_shenoy_neural_2012,jenkins_20090923_center_out_reaching,jenkins,center_out_reaching,6003.24339758281,3.5883104588062222,23601.367,13520.62,0.4807885,6002.687530916141,3.587978201384424,23392.787,13552.891,0.4755752,0.5558666666679528,0.1852888888893176,,,,5914.952630916145,3.597903060167971,13362.1875,2978.2336,0.7419061,87.73489999999651,3.0253413793102246,54189.676,45033.26,0.2567817,800.5687309161542,0.4869639482458359,,,,,,,,,,,,,,667.456999999994,0.403053743961349,73842.945,20543.018,0.7354857,2127.8129000000185,1.2950778454047587,379.28946,7470.3057,-19.001144
142,churchland_shenoy_neural_2012,nitschke_20090812_center_out_reaching,nitschke,center_out_reaching,8926.697064229285,4.026475897261744,23315.48,8149.076,0.64404,8925.477964229281,4.0259260100267396,22439.293,7798.779,0.6513326,1.2191000000038912,0.20318333333398186,,,,8813.683764229287,4.037418123788038,12937.019,2595.4949,0.7873993,111.79419999999391,3.288064705882174,23140.838,6319.907,0.7028512,1169.9530642292689,0.5359381879199583,,,,,,,,,,,,,,985.2849999999983,0.4515513290559112,,,,3303.3727000000345,1.5139196608616106,381.7766,2371.7305,-5.855117
143,churchland_shenoy_neural_2012,nitschke_20090819_center_out_reaching,nitschke,center_out_reaching,8272.640499999996,3.5368279179136364,25848.764,10240.595,0.62721527,8267.272099999991,3.5345327490380467,21360.215,6020.921,0.7295603,5.368400000004726,0.24401818181839666,,,,8081.192766666663,3.555298181551546,14039.395,1793.4635,0.871346,186.07933333332835,2.819383838383763,22503.754,4501.083,0.78981686,132.22199999997267,0.058170699516046045,,,,,,,,,,,,,,1033.944000000017,0.4546807387862872,,,,3470.081766666659,1.5266527789998499,587.36206,2393.5542,-3.1935363
144,churchland_shenoy_neural_2012,nitschke_20090910_center_out_reaching,nitschke,center_out_reaching,8601.49043162602,4.117515764301589,13125.028,3578.787,0.72008455,8601.195231626021,4.11737445266923,13125.028,3578.7507,0.7200876,0.2951999999995749,0.09839999999985831,,,,8429.391731626023,4.1361097799931414,10443.354,2040.9156,0.8012681,171.80349999999808,3.368696078431335,24882.137,13511.6455,0.4500633,1337.9419999999188,0.6568198330878344,,,,,,,,,,,,,,906.4680000000008,0.4441293483586481,,,,3102.4689333333363,1.5230578955981033,383.62973,1438.5889,-2.7706144
145,churchland_shenoy_neural_2012,nitschke_20090920_center_out_reaching,nitschke,center_out_reaching,10274.108267725476,3.1798539980580243,41306.21,27647.088,0.38109744,10263.109434392143,3.1764498404184907,37435.445,23662.582,0.44101936,10.998833333332826,0.13922573839661806,,,,6671.325701058915,3.4746488026348517,13747.257,1685.4432,0.8754661,3591.7837333332286,2.7397282481565437,39634.05,25487.29,0.42585582,596.4119999999826,0.31079312141739585,,,,,,,,,,,,,,1002.679000000001,0.5219567933368042,68517.305,25536.625,0.6127194,2511.2273000000473,1.3079308854166913,398.90668,2479.1628,-5.621646
146,churchland_shenoy_neural_2012,nitschke_20090922_center_out_reaching,nitschke,center_out_reaching,6848.622082455945,3.292606770411512,25415.982,11375.053,0.5447221,6843.411615789288,3.2901017383602347,25456.104,12245.36,0.50857055,5.210466666657339,0.1447351851849261,,,,5596.749315789291,3.4697763892060083,12049.021,1712.4905,0.8583231,1246.6622999999959,2.6695124197002054,23979.797,13387.714,0.46127734,515.1830000000073,0.319394296342224,,,,,,,,,,,,,,823.6789999999938,0.510017956656343,80880.4,28063.35,0.60561377,2115.8733157892966,1.3117627500243625,294.26758,1650.6245,-4.7732882
147,churchland_shenoy_neural_2012,nitschke_20100923_center_out_reaching,nitschke,center_out_reaching,11093.196920000044,4.03682566229987,15575.486,5298.141,0.64786947,11088.624920000046,4.035161906841355,15839.224,5357.9585,0.64907855,4.571999999998525,0.22859999999992625,,,,10756.565220000033,4.068292443267788,11977.309,2795.0706,0.76351297,332.0597000000128,3.1928817307693538,18520.69,7035.5176,0.6010089,1722.4280000000376,0.6516942867953226,,,,,,,,,,,,,,1263.6399999999335,0.4773857196826345,,,,4110.527533333305,1.5552506747382917,343.9906,1641.3251,-4.084037
